{
    "sequence": [
        {
            "start_face": "caa7c986-f2b3-11ea-9d81-066234a457d1",
            "end_face": "caa7f568-f2b3-11ea-b667-066234a457d1",
            "operation": "NewBodyFeatureOperation",
            "graph": "102525_06a3094b_0006_0000.json"
        }
    ],
    "properties": {
        "bounding_box": {
            "type": "BoundingBox3D",
            "max_point": {
                "type": "Point3D",
                "x": 0.5649999999999997,
                "y": 0.30000000000000004,
                "z": 1.05
            },
            "min_point": {
                "type": "Point3D",
                "x": -0.5649999999999997,
                "y": 0.0,
                "z": -1.05
            }
        },
        "extrude_count": 1,
        "body_count": 1,
        "timeline_count": 2
    }
}