{
    "sequence": [
        {
            "start_face": "f8dde3b8-f2b3-11ea-997a-066234a457d1",
            "end_face": "f8de0ff0-f2b3-11ea-947a-066234a457d1",
            "operation": "NewBodyFeatureOperation",
            "graph": "104437_c0d34287_0000_0000.json"
        }
    ],
    "properties": {
        "bounding_box": {
            "type": "BoundingBox3D",
            "max_point": {
                "type": "Point3D",
                "x": 7.700000114738941,
                "y": 0.8,
                "z": -0.48151781781744285
            },
            "min_point": {
                "type": "Point3D",
                "x": 0.10000000149011612,
                "y": 0.0,
                "z": -4.000000059604645
            }
        },
        "extrude_count": 1,
        "body_count": 1,
        "timeline_count": 2
    }
}