{
    "sequence": [
        {
            "start_face": "c187956c-f2b6-11ea-bbce-066234a457d1",
            "end_face": "c187c14c-f2b6-11ea-9997-066234a457d1",
            "operation": "NewBodyFeatureOperation",
            "graph": "107466_72cd4ce9_0002_0000.json"
        }
    ],
    "properties": {
        "bounding_box": {
            "type": "BoundingBox3D",
            "max_point": {
                "type": "Point3D",
                "x": 5.0,
                "y": 1.0,
                "z": 1.0
            },
            "min_point": {
                "type": "Point3D",
                "x": -5.0,
                "y": -1.0,
                "z": 0.0
            }
        },
        "extrude_count": 1,
        "body_count": 1,
        "timeline_count": 2
    }
}