{
    "sequence": [
        {
            "start_face": "3c770d80-f2b7-11ea-98ce-066234a457d1",
            "end_face": "3c770d81-f2b7-11ea-868f-066234a457d1",
            "operation": "NewBodyFeatureOperation",
            "graph": "113554_8fdfcd6c_0000_0000.json"
        }
    ],
    "properties": {
        "bounding_box": {
            "type": "BoundingBox3D",
            "max_point": {
                "type": "Point3D",
                "x": 2.558877240467391,
                "y": 0.0,
                "z": 2.558877240467391
            },
            "min_point": {
                "type": "Point3D",
                "x": -2.558877240467391,
                "y": -0.1,
                "z": -2.558877240467391
            }
        },
        "extrude_count": 1,
        "body_count": 1,
        "timeline_count": 2
    }
}