{
    "sequence": [
        {
            "start_face": "6b969d8c-f2b7-11ea-a12b-066234a457d1",
            "end_face": "6b96c9f6-f2b7-11ea-a48d-066234a457d1",
            "operation": "NewBodyFeatureOperation",
            "graph": "113935_329e18e4_0000_0000.json"
        }
    ],
    "properties": {
        "bounding_box": {
            "type": "BoundingBox3D",
            "max_point": {
                "type": "Point3D",
                "x": 4.0,
                "y": 4.0,
                "z": 0.6000000000000001
            },
            "min_point": {
                "type": "Point3D",
                "x": -4.0,
                "y": -4.0,
                "z": -0.6000000000000001
            }
        },
        "extrude_count": 1,
        "body_count": 1,
        "timeline_count": 2
    }
}