{
    "sequence": [
        {
            "start_face": "d3bdaa1c-f2b7-11ea-af9d-066234a457d1",
            "end_face": "d3bdd5b6-f2b7-11ea-af36-066234a457d1",
            "operation": "NewBodyFeatureOperation",
            "graph": "115524_f214596c_0000_0000.json"
        }
    ],
    "properties": {
        "bounding_box": {
            "type": "BoundingBox3D",
            "max_point": {
                "type": "Point3D",
                "x": 13.0,
                "y": 0.0,
                "z": 10.0
            },
            "min_point": {
                "type": "Point3D",
                "x": 5.0,
                "y": -0.5,
                "z": 0.0
            }
        },
        "extrude_count": 1,
        "body_count": 1,
        "timeline_count": 2
    }
}