{
    "sequence": [
        {
            "start_face": "0b2218ae-f2b8-11ea-9cdc-066234a457d1",
            "end_face": "0b22441a-f2b8-11ea-bad2-066234a457d1",
            "operation": "NewBodyFeatureOperation",
            "graph": "116416_b2565d0a_0008_0000.json"
        }
    ],
    "properties": {
        "bounding_box": {
            "type": "BoundingBox3D",
            "max_point": {
                "type": "Point3D",
                "x": -14.1,
                "y": 0.9000000000000004,
                "z": 1.5
            },
            "min_point": {
                "type": "Point3D",
                "x": -15.9,
                "y": -0.9000000000000004,
                "z": 0.0
            }
        },
        "extrude_count": 1,
        "body_count": 1,
        "timeline_count": 2
    }
}