{
    "sequence": [
        {
            "start_face": "4ba377f8-f2bb-11ea-ac98-066234a457d1",
            "end_face": "4ba3e8fe-f2bb-11ea-85d9-066234a457d1",
            "operation": "NewBodyFeatureOperation",
            "graph": "119886_382e5a3f_0000_0000.json"
        }
    ],
    "properties": {
        "bounding_box": {
            "type": "BoundingBox3D",
            "max_point": {
                "type": "Point3D",
                "x": 1.5989613450049194,
                "y": 4.200000060704399,
                "z": 5.0
            },
            "min_point": {
                "type": "Point3D",
                "x": -3.0961946407579455,
                "y": -0.9561069577609226,
                "z": 0.0
            }
        },
        "extrude_count": 1,
        "body_count": 1,
        "timeline_count": 2
    }
}