{
    "sequence": [
        {
            "start_face": "1a93e6ca-f2bd-11ea-b6e2-066234a457d1",
            "end_face": "1a941308-f2bd-11ea-aba7-066234a457d1",
            "operation": "NewBodyFeatureOperation",
            "graph": "123411_90e032b4_0002_0000.json"
        }
    ],
    "properties": {
        "bounding_box": {
            "type": "BoundingBox3D",
            "max_point": {
                "type": "Point3D",
                "x": 3.1999999999999993,
                "y": 4.2,
                "z": 3.5000000000000004
            },
            "min_point": {
                "type": "Point3D",
                "x": -16.45,
                "y": 0.0,
                "z": -3.5000000000000004
            }
        },
        "extrude_count": 1,
        "body_count": 1,
        "timeline_count": 2
    }
}