{
    "sequence": [
        {
            "start_face": "82129486-f2c2-11ea-be21-066234a457d1",
            "end_face": "8212c04a-f2c2-11ea-a3b4-066234a457d1",
            "operation": "NewBodyFeatureOperation",
            "graph": "125428_e6d291da_0003_0000.json"
        }
    ],
    "properties": {
        "bounding_box": {
            "type": "BoundingBox3D",
            "max_point": {
                "type": "Point3D",
                "x": 2.5,
                "y": 4.000000022351742,
                "z": 20.0
            },
            "min_point": {
                "type": "Point3D",
                "x": -2.5,
                "y": -0.9999999776482582,
                "z": -20.0
            }
        },
        "extrude_count": 1,
        "body_count": 1,
        "timeline_count": 2
    }
}