{
    "sequence": [
        {
            "start_face": "73b9e9fa-f2c7-11ea-b1bb-066234a457d1",
            "end_face": "73ba15a6-f2c7-11ea-a508-066234a457d1",
            "operation": "NewBodyFeatureOperation",
            "graph": "129699_881b4b3a_0002_0000.json"
        }
    ],
    "properties": {
        "bounding_box": {
            "type": "BoundingBox3D",
            "max_point": {
                "type": "Point3D",
                "x": 1.0795,
                "y": 0.635,
                "z": 1.0795
            },
            "min_point": {
                "type": "Point3D",
                "x": -1.0795,
                "y": 0.0,
                "z": -1.0795
            }
        },
        "extrude_count": 1,
        "body_count": 1,
        "timeline_count": 2
    }
}