{
    "sequence": [
        {
            "start_face": "bc6c2e9e-f2d2-11ea-90a5-066234a457d1",
            "end_face": "bc6bea26-f2d2-11ea-bbd4-066234a457d1",
            "operation": "NewBodyFeatureOperation",
            "graph": "136228_8ecc117e_0000_0000.json"
        },
        {
            "start_face": "bc6f2b64-f2d2-11ea-942d-066234a457d1",
            "end_face": "bc6bea26-f2d2-11ea-bbd4-066234a457d1",
            "operation": "JoinFeatureOperation",
            "graph": "136228_8ecc117e_0000_0001.json"
        }
    ],
    "properties": {
        "bounding_box": {
            "type": "BoundingBox3D",
            "max_point": {
                "type": "Point3D",
                "x": -1.6617378709932225,
                "y": 6.859377916927578,
                "z": 0.2
            },
            "min_point": {
                "type": "Point3D",
                "x": -2.861737870993223,
                "y": 3.7093779169275822,
                "z": -0.25
            }
        },
        "extrude_count": 2,
        "body_count": 1,
        "timeline_count": 3
    }
}