{
    "sequence": [
        {
            "start_face": "78173486-f2d5-11ea-b863-066234a457d1",
            "end_face": "7817798a-f2d5-11ea-97fa-066234a457d1",
            "operation": "NewBodyFeatureOperation",
            "graph": "136900_4fe212e6_0016_0000.json"
        },
        {
            "start_face": "7818cac6-f2d5-11ea-b356-066234a457d1",
            "end_face": "7817798a-f2d5-11ea-97fa-066234a457d1",
            "operation": "JoinFeatureOperation",
            "graph": "136900_4fe212e6_0016_0001.json"
        }
    ],
    "properties": {
        "bounding_box": {
            "type": "BoundingBox3D",
            "max_point": {
                "type": "Point3D",
                "x": 0.0,
                "y": 6.3500000000000005,
                "z": 71.11999999999999
            },
            "min_point": {
                "type": "Point3D",
                "x": -71.12,
                "y": 0.0,
                "z": 0.0
            }
        },
        "extrude_count": 2,
        "body_count": 1,
        "timeline_count": 4
    }
}