{
    "sequence": [
        {
            "start_face": "235cdba2-f2d6-11ea-b0b6-066234a457d1",
            "end_face": "235d0912-f2d6-11ea-867c-066234a457d1",
            "operation": "NewBodyFeatureOperation",
            "graph": "138775_4626dfa8_0006_0000.json"
        }
    ],
    "properties": {
        "bounding_box": {
            "type": "BoundingBox3D",
            "max_point": {
                "type": "Point3D",
                "x": 0.17060746014992256,
                "y": 0.35000000000000003,
                "z": 0.17060746014992256
            },
            "min_point": {
                "type": "Point3D",
                "x": -0.17060746014992256,
                "y": 0.0,
                "z": -0.17060746014992256
            }
        },
        "extrude_count": 1,
        "body_count": 1,
        "timeline_count": 2
    }
}