{
    "sequence": [
        {
            "start_face": "0acf538a-f2d9-11ea-8695-066234a457d1",
            "end_face": "0acf98d0-f2d9-11ea-b8c9-066234a457d1",
            "operation": "NewBodyFeatureOperation",
            "graph": "141760_ccfda5bc_0000_0000.json"
        }
    ],
    "properties": {
        "bounding_box": {
            "type": "BoundingBox3D",
            "max_point": {
                "type": "Point3D",
                "x": 7.302500040531158,
                "y": 3.8100000810623174,
                "z": 0.3175
            },
            "min_point": {
                "type": "Point3D",
                "x": 0.053650389351523775,
                "y": -1.7462499189376823,
                "z": 0.0
            }
        },
        "extrude_count": 1,
        "body_count": 1,
        "timeline_count": 2
    }
}