{
    "sequence": [
        {
            "start_face": "360f5fc0-f2db-11ea-8ced-066234a457d1",
            "end_face": "360f789c-f2db-11ea-b230-066234a457d1",
            "operation": "NewBodyFeatureOperation",
            "graph": "144142_88858328_0000_0000.json"
        }
    ],
    "properties": {
        "bounding_box": {
            "type": "BoundingBox3D",
            "max_point": {
                "type": "Point3D",
                "x": 23.0,
                "y": 0.5859652762215796,
                "z": -7.2419525684111585
            },
            "min_point": {
                "type": "Point3D",
                "x": 0.0,
                "y": -0.4759783247841015,
                "z": -12.05343315578664
            }
        },
        "extrude_count": 1,
        "body_count": 1,
        "timeline_count": 2
    }
}