{
    "sequence": [
        {
            "start_face": "61dbe978-f2db-11ea-9642-066234a457d1",
            "end_face": "61dc2e1e-f2db-11ea-b4d8-066234a457d1",
            "operation": "NewBodyFeatureOperation",
            "graph": "145119_24107428_0006_0000.json"
        },
        {
            "start_face": "61dbe978-f2db-11ea-9642-066234a457d1",
            "end_face": "61dc2e1e-f2db-11ea-b4d8-066234a457d1",
            "operation": "JoinFeatureOperation",
            "graph": "145119_24107428_0006_0001.json"
        }
    ],
    "properties": {
        "bounding_box": {
            "type": "BoundingBox3D",
            "max_point": {
                "type": "Point3D",
                "x": 8.400000000000002,
                "y": 7.07492,
                "z": 1.5
            },
            "min_point": {
                "type": "Point3D",
                "x": -7.07492,
                "y": -7.07492,
                "z": 0.0
            }
        },
        "extrude_count": 2,
        "body_count": 1,
        "timeline_count": 4
    }
}