{
    "sequence": [
        {
            "start_face": "8e05a640-f2df-11ea-a4db-066234a457d1",
            "end_face": "8e05d1f6-f2df-11ea-8271-066234a457d1",
            "operation": "NewBodyFeatureOperation",
            "graph": "148098_33ec30c9_0008_0000.json"
        }
    ],
    "properties": {
        "bounding_box": {
            "type": "BoundingBox3D",
            "max_point": {
                "type": "Point3D",
                "x": 22.86,
                "y": 46.355,
                "z": 47.625
            },
            "min_point": {
                "type": "Point3D",
                "x": 0.0,
                "y": -1.905,
                "z": 45.72
            }
        },
        "extrude_count": 1,
        "body_count": 1,
        "timeline_count": 2
    }
}