{
    "sequence": [
        {
            "start_face": "2feb4a38-f2e1-11ea-ae1f-066234a457d1",
            "end_face": "2feb62a4-f2e1-11ea-b569-066234a457d1",
            "operation": "NewBodyFeatureOperation",
            "graph": "21894_93f0d052_0016_0000.json"
        }
    ],
    "properties": {
        "bounding_box": {
            "type": "BoundingBox3D",
            "max_point": {
                "type": "Point3D",
                "x": 0.25,
                "y": 5.2,
                "z": 0.25
            },
            "min_point": {
                "type": "Point3D",
                "x": -0.25,
                "y": 0.0,
                "z": -0.25
            }
        },
        "extrude_count": 1,
        "body_count": 1,
        "timeline_count": 2
    }
}