{
    "sequence": [
        {
            "start_face": "5e042102-f2e1-11ea-a18c-066234a457d1",
            "end_face": "5e044db0-f2e1-11ea-8699-066234a457d1",
            "operation": "NewBodyFeatureOperation",
            "graph": "21908_385686ec_0032_0000.json"
        }
    ],
    "properties": {
        "bounding_box": {
            "type": "BoundingBox3D",
            "max_point": {
                "type": "Point3D",
                "x": 1.0,
                "y": 0.7000000104308128,
                "z": 7.4
            },
            "min_point": {
                "type": "Point3D",
                "x": 0.0,
                "y": 0.0,
                "z": 0.0
            }
        },
        "extrude_count": 1,
        "body_count": 1,
        "timeline_count": 2
    }
}