{
    "sequence": [
        {
            "start_face": "7916dc9c-f2e1-11ea-b7d4-066234a457d1",
            "end_face": "79172130-f2e1-11ea-bc25-066234a457d1",
            "operation": "NewBodyFeatureOperation",
            "graph": "22003_c3e3616f_0013_0000.json"
        }
    ],
    "properties": {
        "bounding_box": {
            "type": "BoundingBox3D",
            "max_point": {
                "type": "Point3D",
                "x": 9.0,
                "y": 0.6000000000000001,
                "z": 3.0
            },
            "min_point": {
                "type": "Point3D",
                "x": -4.0,
                "y": -0.6000000000000001,
                "z": -3.0
            }
        },
        "extrude_count": 1,
        "body_count": 1,
        "timeline_count": 2
    }
}