{
    "sequence": [
        {
            "start_face": "562bebe4-f2e3-11ea-91bd-066234a457d1",
            "end_face": "562c0494-f2e3-11ea-94b4-066234a457d1",
            "operation": "NewBodyFeatureOperation",
            "graph": "23018_63087a41_0029_0000.json"
        },
        {
            "start_face": "562bebe4-f2e3-11ea-91bd-066234a457d1",
            "end_face": "562c0494-f2e3-11ea-94b4-066234a457d1",
            "operation": "JoinFeatureOperation",
            "graph": "23018_63087a41_0029_0001.json"
        }
    ],
    "properties": {
        "bounding_box": {
            "type": "BoundingBox3D",
            "max_point": {
                "type": "Point3D",
                "x": 1.3,
                "y": 1.075,
                "z": 0.5
            },
            "min_point": {
                "type": "Point3D",
                "x": -1.075,
                "y": -1.075,
                "z": 0.0
            }
        },
        "extrude_count": 2,
        "body_count": 1,
        "timeline_count": 3
    }
}