{
    "sequence": [
        {
            "start_face": "cdfec7b6-f2e3-11ea-a0a2-066234a457d1",
            "end_face": "cdff0cbe-f2e3-11ea-8b99-066234a457d1",
            "operation": "NewBodyFeatureOperation",
            "graph": "23206_b99a5251_0046_0000.json"
        }
    ],
    "properties": {
        "bounding_box": {
            "type": "BoundingBox3D",
            "max_point": {
                "type": "Point3D",
                "x": 1.2999999999999992,
                "y": 0.9,
                "z": 1.299999999999999
            },
            "min_point": {
                "type": "Point3D",
                "x": -1.3000000000000023,
                "y": 0.0,
                "z": -1.2999999999999994
            }
        },
        "extrude_count": 1,
        "body_count": 1,
        "timeline_count": 2
    }
}