{
    "sequence": [
        {
            "start_face": "e6039180-f2e3-11ea-a068-066234a457d1",
            "end_face": "e603d664-f2e3-11ea-b2fe-066234a457d1",
            "operation": "NewBodyFeatureOperation",
            "graph": "23255_972fbfe6_0012_0000.json"
        }
    ],
    "properties": {
        "bounding_box": {
            "type": "BoundingBox3D",
            "max_point": {
                "type": "Point3D",
                "x": 6.211784948462244,
                "y": 5.800694255063973,
                "z": 3.0
            },
            "min_point": {
                "type": "Point3D",
                "x": -6.207128229006498,
                "y": -6.349994677999807,
                "z": -3.0
            }
        },
        "extrude_count": 1,
        "body_count": 1,
        "timeline_count": 2
    }
}