{
    "sequence": [
        {
            "start_face": "1a02f546-f2e4-11ea-8145-066234a457d1",
            "end_face": "1a030e86-f2e4-11ea-bed5-066234a457d1",
            "operation": "NewBodyFeatureOperation",
            "graph": "23410_0163b27d_0005_0000.json"
        },
        {
            "start_face": "1a041c4c-f2e4-11ea-b358-066234a457d1",
            "end_face": "1a048d7a-f2e4-11ea-a793-066234a457d1",
            "operation": "JoinFeatureOperation",
            "graph": "23410_0163b27d_0005_0001.json"
        }
    ],
    "properties": {
        "bounding_box": {
            "type": "BoundingBox3D",
            "max_point": {
                "type": "Point3D",
                "x": 11.300000168383121,
                "y": 0.25,
                "z": 10.30000015348196
            },
            "min_point": {
                "type": "Point3D",
                "x": 10.000000149011612,
                "y": -0.25,
                "z": 9.80000014603138
            }
        },
        "extrude_count": 2,
        "body_count": 1,
        "timeline_count": 4
    }
}