{
    "sequence": [
        {
            "start_face": "1e427cd2-f2e4-11ea-85c0-066234a457d1",
            "end_face": "1e42c152-f2e4-11ea-90a5-066234a457d1",
            "operation": "NewBodyFeatureOperation",
            "graph": "23410_0163b27d_0012_0000.json"
        }
    ],
    "properties": {
        "bounding_box": {
            "type": "BoundingBox3D",
            "max_point": {
                "type": "Point3D",
                "x": 1.817542670406036,
                "y": 0.2,
                "z": -2.7250000447034837
            },
            "min_point": {
                "type": "Point3D",
                "x": 1.1824573742974478,
                "y": 0.0,
                "z": -3.2750000447034835
            }
        },
        "extrude_count": 1,
        "body_count": 1,
        "timeline_count": 2
    }
}