{
    "sequence": [
        {
            "start_face": "ccb4a270-f2e5-11ea-8d46-066234a457d1",
            "end_face": "ccb4bbd8-f2e5-11ea-949f-066234a457d1",
            "operation": "NewBodyFeatureOperation",
            "graph": "23881_bec7f38c_0010_0000.json"
        }
    ],
    "properties": {
        "bounding_box": {
            "type": "BoundingBox3D",
            "max_point": {
                "type": "Point3D",
                "x": 1.25,
                "y": 1.25,
                "z": 0.03
            },
            "min_point": {
                "type": "Point3D",
                "x": -1.25,
                "y": -1.25,
                "z": 0.0
            }
        },
        "extrude_count": 1,
        "body_count": 1,
        "timeline_count": 2
    }
}