{
    "sequence": [
        {
            "start_face": "d2cb64f0-f2e5-11ea-b062-066234a457d1",
            "end_face": "d2cbae5c-f2e5-11ea-9667-066234a457d1",
            "operation": "NewBodyFeatureOperation",
            "graph": "23910_316134bd_0011_0000.json"
        }
    ],
    "properties": {
        "bounding_box": {
            "type": "BoundingBox3D",
            "max_point": {
                "type": "Point3D",
                "x": 1.4702000000000002,
                "y": 31.3,
                "z": 0.05
            },
            "min_point": {
                "type": "Point3D",
                "x": 0.0,
                "y": 0.0,
                "z": 0.0
            }
        },
        "extrude_count": 1,
        "body_count": 1,
        "timeline_count": 2
    }
}