{
    "sequence": [
        {
            "start_face": "4252a1e2-f2e7-11ea-adfd-066234a457d1",
            "end_face": "4252bb08-f2e7-11ea-aa1e-066234a457d1",
            "operation": "NewBodyFeatureOperation",
            "graph": "24250_dd7e0408_0001_0000.json"
        }
    ],
    "properties": {
        "bounding_box": {
            "type": "BoundingBox3D",
            "max_point": {
                "type": "Point3D",
                "x": 0.125,
                "y": 0.125,
                "z": 0.97
            },
            "min_point": {
                "type": "Point3D",
                "x": -0.125,
                "y": -0.125,
                "z": 0.0
            }
        },
        "extrude_count": 1,
        "body_count": 1,
        "timeline_count": 2
    }
}