{
    "sequence": [
        {
            "start_face": "8cb3d480-f2e7-11ea-b946-066234a457d1",
            "end_face": "8cb400a8-f2e7-11ea-be99-066234a457d1",
            "operation": "NewBodyFeatureOperation",
            "graph": "24412_a8e106be_0002_0000.json"
        }
    ],
    "properties": {
        "bounding_box": {
            "type": "BoundingBox3D",
            "max_point": {
                "type": "Point3D",
                "x": 3.9999999999999996,
                "y": 2.0,
                "z": 0.0
            },
            "min_point": {
                "type": "Point3D",
                "x": 0.0,
                "y": 0.0,
                "z": -6.2
            }
        },
        "extrude_count": 1,
        "body_count": 1,
        "timeline_count": 2
    }
}