{
    "sequence": [
        {
            "start_face": "bbaf8086-f2e7-11ea-b014-066234a457d1",
            "end_face": "bbafad6e-f2e7-11ea-940b-066234a457d1",
            "operation": "NewBodyFeatureOperation",
            "graph": "24476_568e9ca0_0022_0000.json"
        }
    ],
    "properties": {
        "bounding_box": {
            "type": "BoundingBox3D",
            "max_point": {
                "type": "Point3D",
                "x": 0.35000000000000003,
                "y": 0.35000000000000003,
                "z": 0.15000000000000002
            },
            "min_point": {
                "type": "Point3D",
                "x": -0.35000000000000003,
                "y": -0.35000000000000003,
                "z": 0.0
            }
        },
        "extrude_count": 1,
        "body_count": 1,
        "timeline_count": 2
    }
}