{
    "sequence": [
        {
            "start_face": "289ae3b0-f2e8-11ea-bf7c-066234a457d1",
            "end_face": "289ae3b1-f2e8-11ea-b5a0-066234a457d1",
            "operation": "NewBodyFeatureOperation",
            "graph": "24907_c72322ea_0001_0000.json"
        },
        {
            "start_face": "289b538c-f2e8-11ea-9272-066234a457d1",
            "end_face": "289ae3b1-f2e8-11ea-b5a0-066234a457d1",
            "operation": "JoinFeatureOperation",
            "graph": "24907_c72322ea_0001_0001.json"
        }
    ],
    "properties": {
        "bounding_box": {
            "type": "BoundingBox3D",
            "max_point": {
                "type": "Point3D",
                "x": 0.4000000000000001,
                "y": 0.4000000000000001,
                "z": 1.82
            },
            "min_point": {
                "type": "Point3D",
                "x": -0.4000000000000001,
                "y": -0.4000000000000001,
                "z": 0.0
            }
        },
        "extrude_count": 2,
        "body_count": 1,
        "timeline_count": 4
    }
}