{
    "sequence": [
        {
            "start_face": "83376e0a-f2e9-11ea-a17d-066234a457d1",
            "end_face": "83379a1e-f2e9-11ea-b38d-066234a457d1",
            "operation": "NewBodyFeatureOperation",
            "graph": "25380_a3a68e11_0000_0000.json"
        }
    ],
    "properties": {
        "bounding_box": {
            "type": "BoundingBox3D",
            "max_point": {
                "type": "Point3D",
                "x": 2.7330400000000004,
                "y": 0.9398,
                "z": 3.81
            },
            "min_point": {
                "type": "Point3D",
                "x": 0.0,
                "y": 0.0,
                "z": 0.0
            }
        },
        "extrude_count": 1,
        "body_count": 1,
        "timeline_count": 2
    }
}