{
    "sequence": [
        {
            "start_face": "bd5eb1fa-f2ed-11ea-b6fb-066234a457d1",
            "end_face": "bd5f934c-f2ed-11ea-8e9c-066234a457d1",
            "operation": "NewBodyFeatureOperation",
            "graph": "30667_2511afcb_0009_0000.json"
        },
        {
            "start_face": "bd5f934c-f2ed-11ea-8e9c-066234a457d1",
            "end_face": "bd5febc8-f2ed-11ea-95ed-066234a457d1",
            "operation": "JoinFeatureOperation",
            "graph": "30667_2511afcb_0009_0001.json"
        }
    ],
    "properties": {
        "bounding_box": {
            "type": "BoundingBox3D",
            "max_point": {
                "type": "Point3D",
                "x": 5.275,
                "y": 0.8,
                "z": 2.5
            },
            "min_point": {
                "type": "Point3D",
                "x": -0.7250000000000001,
                "y": 0.0,
                "z": -2.5
            }
        },
        "extrude_count": 2,
        "body_count": 1,
        "timeline_count": 3
    }
}