{
    "sequence": [
        {
            "start_face": "0cc36f68-f2ef-11ea-8da0-066234a457d1",
            "end_face": "0cc39b6e-f2ef-11ea-acf0-066234a457d1",
            "operation": "NewBodyFeatureOperation",
            "graph": "32155_86984ce9_0000_0000.json"
        }
    ],
    "properties": {
        "bounding_box": {
            "type": "BoundingBox3D",
            "max_point": {
                "type": "Point3D",
                "x": 7.0,
                "y": 6.0,
                "z": 0.5
            },
            "min_point": {
                "type": "Point3D",
                "x": -3.0,
                "y": -4.0,
                "z": 0.0
            }
        },
        "extrude_count": 1,
        "body_count": 1,
        "timeline_count": 2
    }
}