{
    "sequence": [
        {
            "start_face": "55d0e6c8-f2ef-11ea-b6b5-066234a457d1",
            "end_face": "55d1128a-f2ef-11ea-a8d2-066234a457d1",
            "operation": "NewBodyFeatureOperation",
            "graph": "33615_7bab1106_0011_0000.json"
        }
    ],
    "properties": {
        "bounding_box": {
            "type": "BoundingBox3D",
            "max_point": {
                "type": "Point3D",
                "x": 0.9500000000000001,
                "y": 3.1,
                "z": 0.9500000000000001
            },
            "min_point": {
                "type": "Point3D",
                "x": -0.9500000000000001,
                "y": 0.0,
                "z": -0.9500000000000001
            }
        },
        "extrude_count": 1,
        "body_count": 1,
        "timeline_count": 2
    }
}