{
    "sequence": [
        {
            "start_face": "bf691470-f2ef-11ea-8b23-066234a457d1",
            "end_face": "bf692d8c-f2ef-11ea-a66f-066234a457d1",
            "operation": "NewBodyFeatureOperation",
            "graph": "34222_5121da73_0000_0000.json"
        },
        {
            "start_face": "bf699e8a-f2ef-11ea-92c5-066234a457d1",
            "end_face": "bf69f6ca-f2ef-11ea-a402-066234a457d1",
            "operation": "JoinFeatureOperation",
            "graph": "34222_5121da73_0000_0001.json"
        }
    ],
    "properties": {
        "bounding_box": {
            "type": "BoundingBox3D",
            "max_point": {
                "type": "Point3D",
                "x": 1.676305486402919,
                "y": 7.700000114738941,
                "z": 1.676305486402919
            },
            "min_point": {
                "type": "Point3D",
                "x": -1.676305486402919,
                "y": 0.0,
                "z": -1.676305486402919
            }
        },
        "extrude_count": 2,
        "body_count": 1,
        "timeline_count": 4
    }
}