{
    "sequence": [
        {
            "start_face": "5bee55d8-f2f0-11ea-9b1d-066234a457d1",
            "end_face": "5bee9a94-f2f0-11ea-a3ff-066234a457d1",
            "operation": "NewBodyFeatureOperation",
            "graph": "35143_6bdef095_0004_0000.json"
        }
    ],
    "properties": {
        "bounding_box": {
            "type": "BoundingBox3D",
            "max_point": {
                "type": "Point3D",
                "x": 3.4000000000000004,
                "y": 3.4000000000000004,
                "z": 0.8
            },
            "min_point": {
                "type": "Point3D",
                "x": -3.4000000000000004,
                "y": -3.4000000000000004,
                "z": -0.8
            }
        },
        "extrude_count": 1,
        "body_count": 1,
        "timeline_count": 2
    }
}