{
    "sequence": [
        {
            "start_face": "990e2eb0-f2f1-11ea-8ac5-066234a457d1",
            "end_face": "990e5a92-f2f1-11ea-8f54-066234a457d1",
            "operation": "NewBodyFeatureOperation",
            "graph": "37524_6004c446_0001_0000.json"
        },
        {
            "start_face": "990e2eb0-f2f1-11ea-8ac5-066234a457d1",
            "end_face": "990e5a92-f2f1-11ea-8f54-066234a457d1",
            "operation": "JoinFeatureOperation",
            "graph": "37524_6004c446_0001_0001.json"
        }
    ],
    "properties": {
        "bounding_box": {
            "type": "BoundingBox3D",
            "max_point": {
                "type": "Point3D",
                "x": 6.5,
                "y": 5.9375,
                "z": 2.0
            },
            "min_point": {
                "type": "Point3D",
                "x": -5.9375,
                "y": -5.9375,
                "z": 0.0
            }
        },
        "extrude_count": 2,
        "body_count": 1,
        "timeline_count": 3
    }
}