{
    "sequence": [
        {
            "start_face": "6b115a00-f2f2-11ea-b561-066234a457d1",
            "end_face": "6b119e5c-f2f2-11ea-a34f-066234a457d1",
            "operation": "NewBodyFeatureOperation",
            "graph": "38953_19054857_0011_0000.json"
        }
    ],
    "properties": {
        "bounding_box": {
            "type": "BoundingBox3D",
            "max_point": {
                "type": "Point3D",
                "x": -7.5899599938352225,
                "y": 16.66486110224153,
                "z": 0.1
            },
            "min_point": {
                "type": "Point3D",
                "x": -8.489960014696848,
                "y": 16.06486110224153,
                "z": 0.0
            }
        },
        "extrude_count": 1,
        "body_count": 1,
        "timeline_count": 2
    }
}