{
    "sequence": [
        {
            "start_face": "6f56a9fa-f2f2-11ea-b3e1-066234a457d1",
            "end_face": "6f56d6d2-f2f2-11ea-af04-066234a457d1",
            "operation": "NewBodyFeatureOperation",
            "graph": "38953_19054857_0015_0000.json"
        }
    ],
    "properties": {
        "bounding_box": {
            "type": "BoundingBox3D",
            "max_point": {
                "type": "Point3D",
                "x": 0.999999986588955,
                "y": 1.1000000163912773,
                "z": 0.5
            },
            "min_point": {
                "type": "Point3D",
                "x": 0.4000000059604645,
                "y": 0.8999999798834324,
                "z": 0.0
            }
        },
        "extrude_count": 1,
        "body_count": 1,
        "timeline_count": 2
    }
}