{
    "sequence": [
        {
            "start_face": "dca8bc94-f2f2-11ea-ba43-066234a457d1",
            "end_face": "dca8d874-f2f2-11ea-a1ef-066234a457d1",
            "operation": "NewBodyFeatureOperation",
            "graph": "39793_5193d5ab_0019_0000.json"
        }
    ],
    "properties": {
        "bounding_box": {
            "type": "BoundingBox3D",
            "max_point": {
                "type": "Point3D",
                "x": 0.635,
                "y": 0.635,
                "z": 5.715
            },
            "min_point": {
                "type": "Point3D",
                "x": -0.635,
                "y": -0.635,
                "z": 0.0
            }
        },
        "extrude_count": 1,
        "body_count": 1,
        "timeline_count": 2
    }
}