{
    "sequence": [
        {
            "start_face": "aea4c3e6-f2f3-11ea-9a1a-066234a457d1",
            "end_face": "aea50992-f2f3-11ea-9248-066234a457d1",
            "operation": "NewBodyFeatureOperation",
            "graph": "40421_032c052f_0000_0000.json"
        },
        {
            "start_face": "aea84f6e-f2f3-11ea-8c5f-066234a457d1",
            "end_face": "aea7de38-f2f3-11ea-9aca-066234a457d1",
            "operation": "CutFeatureOperation",
            "graph": "40421_032c052f_0000_0001.json"
        }
    ],
    "properties": {
        "bounding_box": {
            "type": "BoundingBox3D",
            "max_point": {
                "type": "Point3D",
                "x": 0.599999999999999,
                "y": 1.3,
                "z": 0.0
            },
            "min_point": {
                "type": "Point3D",
                "x": -1.8999999999999997,
                "y": 0.0,
                "z": -5.317707825203158
            }
        },
        "extrude_count": 2,
        "body_count": 1,
        "timeline_count": 4
    }
}