{
    "sequence": [
        {
            "start_face": "6354252e-f2f6-11ea-b6a2-066234a457d1",
            "end_face": "63547cf6-f2f6-11ea-b736-066234a457d1",
            "operation": "NewBodyFeatureOperation",
            "graph": "41473_c2137170_0022_0000.json"
        }
    ],
    "properties": {
        "bounding_box": {
            "type": "BoundingBox3D",
            "max_point": {
                "type": "Point3D",
                "x": 20.461647825052147,
                "y": 35.407123683652394,
                "z": 0.49999999999999956
            },
            "min_point": {
                "type": "Point3D",
                "x": 19.53835217494787,
                "y": 34.592876316347606,
                "z": -4.440891808987412e-16
            }
        },
        "extrude_count": 1,
        "body_count": 1,
        "timeline_count": 2
    }
}