{
    "sequence": [
        {
            "start_face": "f1665dee-f2f6-11ea-b05d-066234a457d1",
            "end_face": "f1667682-f2f6-11ea-8774-066234a457d1",
            "operation": "NewBodyFeatureOperation",
            "graph": "41650_9417da80_0003_0000.json"
        }
    ],
    "properties": {
        "bounding_box": {
            "type": "BoundingBox3D",
            "max_point": {
                "type": "Point3D",
                "x": 0.29,
                "y": 0.1,
                "z": 0.29
            },
            "min_point": {
                "type": "Point3D",
                "x": -0.29,
                "y": 0.0,
                "z": -0.29
            }
        },
        "extrude_count": 1,
        "body_count": 1,
        "timeline_count": 2
    }
}