{
    "sequence": [
        {
            "start_face": "57072a2c-f2f7-11ea-9ed7-066234a457d1",
            "end_face": "57075590-f2f7-11ea-b00e-066234a457d1",
            "operation": "NewBodyFeatureOperation",
            "graph": "41702_1533021d_0007_0000.json"
        }
    ],
    "properties": {
        "bounding_box": {
            "type": "BoundingBox3D",
            "max_point": {
                "type": "Point3D",
                "x": 1.5,
                "y": 0.0,
                "z": 2.0000000298023224
            },
            "min_point": {
                "type": "Point3D",
                "x": -1.5000000223517418,
                "y": -1.0,
                "z": 1.0
            }
        },
        "extrude_count": 1,
        "body_count": 1,
        "timeline_count": 2
    }
}