{
    "sequence": [
        {
            "start_face": "ce466ac6-f2f7-11ea-9cc8-066234a457d1",
            "end_face": "ce4625c0-f2f7-11ea-bbad-066234a457d1",
            "operation": "NewBodyFeatureOperation",
            "graph": "41737_a8ec36c3_0000_0000.json"
        },
        {
            "start_face": "ce4707ae-f2f7-11ea-bf59-066234a457d1",
            "end_face": "ce4625c0-f2f7-11ea-bbad-066234a457d1",
            "operation": "CutFeatureOperation",
            "graph": "41737_a8ec36c3_0000_0001.json"
        }
    ],
    "properties": {
        "bounding_box": {
            "type": "BoundingBox3D",
            "max_point": {
                "type": "Point3D",
                "x": 0.7500000111758709,
                "y": 0.2,
                "z": 0.7500000111758709
            },
            "min_point": {
                "type": "Point3D",
                "x": -0.7500000111758709,
                "y": 0.0,
                "z": -0.7500000111758709
            }
        },
        "extrude_count": 2,
        "body_count": 1,
        "timeline_count": 4
    }
}