{
    "sequence": [
        {
            "start_face": "283960cc-f2f8-11ea-9a58-066234a457d1",
            "end_face": "28398d5a-f2f8-11ea-a4aa-066234a457d1",
            "operation": "NewBodyFeatureOperation",
            "graph": "41764_6707e462_0000_0000.json"
        }
    ],
    "properties": {
        "bounding_box": {
            "type": "BoundingBox3D",
            "max_point": {
                "type": "Point3D",
                "x": 3.5,
                "y": 0.5,
                "z": 0.5
            },
            "min_point": {
                "type": "Point3D",
                "x": 2.5,
                "y": 0.0,
                "z": -3.5
            }
        },
        "extrude_count": 1,
        "body_count": 1,
        "timeline_count": 2
    }
}