{
    "sequence": [
        {
            "start_face": "c738ca94-f2f8-11ea-8aaa-066234a457d1",
            "end_face": "c738f6de-f2f8-11ea-bc38-066234a457d1",
            "operation": "NewBodyFeatureOperation",
            "graph": "41941_79d46bb4_0005_0000.json"
        }
    ],
    "properties": {
        "bounding_box": {
            "type": "BoundingBox3D",
            "max_point": {
                "type": "Point3D",
                "x": 0.254,
                "y": 1.1430000364780426,
                "z": 14.467875131177303
            },
            "min_point": {
                "type": "Point3D",
                "x": 0.0,
                "y": 0.254,
                "z": 12.573000401258469
            }
        },
        "extrude_count": 1,
        "body_count": 1,
        "timeline_count": 2
    }
}