{
    "sequence": [
        {
            "start_face": "00d597ba-f2f9-11ea-a0a5-066234a457d1",
            "end_face": "00d5b0c6-f2f9-11ea-98ca-066234a457d1",
            "operation": "NewBodyFeatureOperation",
            "graph": "42013_3c6f187f_0000_0000.json"
        }
    ],
    "properties": {
        "bounding_box": {
            "type": "BoundingBox3D",
            "max_point": {
                "type": "Point3D",
                "x": 0.30000000000000004,
                "y": 1.0,
                "z": 0.9999997118494189
            },
            "min_point": {
                "type": "Point3D",
                "x": 0.0,
                "y": -1.0,
                "z": -0.9999997118494189
            }
        },
        "extrude_count": 1,
        "body_count": 1,
        "timeline_count": 2
    }
}