{
    "sequence": [
        {
            "start_face": "06320cf6-f2fa-11ea-b59d-066234a457d1",
            "end_face": "06323946-f2fa-11ea-afef-066234a457d1",
            "operation": "NewBodyFeatureOperation",
            "graph": "44104_2333396f_0000_0000.json"
        }
    ],
    "properties": {
        "bounding_box": {
            "type": "BoundingBox3D",
            "max_point": {
                "type": "Point3D",
                "x": 8.1,
                "y": 8.5,
                "z": 8.1
            },
            "min_point": {
                "type": "Point3D",
                "x": -8.1,
                "y": 0.0,
                "z": -8.1
            }
        },
        "extrude_count": 1,
        "body_count": 1,
        "timeline_count": 2
    }
}