{
    "sequence": [
        {
            "start_face": "6856c924-f2fa-11ea-899e-066234a457d1",
            "end_face": "6856f514-f2fa-11ea-a64b-066234a457d1",
            "operation": "NewBodyFeatureOperation",
            "graph": "44533_35550b4f_0000_0000.json"
        }
    ],
    "properties": {
        "bounding_box": {
            "type": "BoundingBox3D",
            "max_point": {
                "type": "Point3D",
                "x": 2.7907007372926236,
                "y": 6.0,
                "z": 2.9014872819794792
            },
            "min_point": {
                "type": "Point3D",
                "x": 2.3907007372926232,
                "y": -6.0,
                "z": 2.501487281979479
            }
        },
        "extrude_count": 1,
        "body_count": 1,
        "timeline_count": 2
    }
}