{
    "sequence": [
        {
            "start_face": "3c788c80-f2fb-11ea-9505-066234a457d1",
            "end_face": "3c78b89e-f2fb-11ea-ad55-066234a457d1",
            "operation": "NewBodyFeatureOperation",
            "graph": "45581_2408ef88_0000_0000.json"
        }
    ],
    "properties": {
        "bounding_box": {
            "type": "BoundingBox3D",
            "max_point": {
                "type": "Point3D",
                "x": 10.271745170606486,
                "y": 27.0,
                "z": 0.0
            },
            "min_point": {
                "type": "Point3D",
                "x": 0.0,
                "y": 0.0,
                "z": -24.22627072410032
            }
        },
        "extrude_count": 1,
        "body_count": 1,
        "timeline_count": 2
    }
}