{
    "sequence": [
        {
            "start_face": "060b8b28-f300-11ea-9411-066234a457d1",
            "end_face": "060bb6b4-f300-11ea-94f3-066234a457d1",
            "operation": "NewBodyFeatureOperation",
            "graph": "48724_70685a9d_0005_0000.json"
        }
    ],
    "properties": {
        "bounding_box": {
            "type": "BoundingBox3D",
            "max_point": {
                "type": "Point3D",
                "x": 89.0,
                "y": 1.5,
                "z": 3.0
            },
            "min_point": {
                "type": "Point3D",
                "x": 86.0,
                "y": -1.5,
                "z": 0.0
            }
        },
        "extrude_count": 1,
        "body_count": 1,
        "timeline_count": 2
    }
}