{
    "sequence": [
        {
            "start_face": "27cab9d2-f300-11ea-887b-066234a457d1",
            "end_face": "27c9f200-f300-11ea-830b-066234a457d1",
            "operation": "NewBodyFeatureOperation",
            "graph": "49095_fbe94d09_0000_0000.json"
        },
        {
            "start_face": "27ccf146-f300-11ea-9140-066234a457d1",
            "end_face": "27c9f200-f300-11ea-830b-066234a457d1",
            "operation": "CutFeatureOperation",
            "graph": "49095_fbe94d09_0000_0001.json"
        },
        {
            "start_face": "282a10b8-f300-11ea-b34e-066234a457d1",
            "end_face": "27c9f200-f300-11ea-830b-066234a457d1",
            "operation": "CutFeatureOperation",
            "graph": "49095_fbe94d09_0000_0002.json"
        },
        {
            "start_face": "2858aeee-f300-11ea-b3f4-066234a457d1",
            "end_face": "27cab9d2-f300-11ea-887b-066234a457d1",
            "operation": "CutFeatureOperation",
            "graph": "49095_fbe94d09_0000_0003.json"
        }
    ],
    "properties": {
        "bounding_box": {
            "type": "BoundingBox3D",
            "max_point": {
                "type": "Point3D",
                "x": 17.78,
                "y": 13.97,
                "z": 0.0
            },
            "min_point": {
                "type": "Point3D",
                "x": -17.78,
                "y": -13.97,
                "z": -2.54
            }
        },
        "extrude_count": 4,
        "body_count": 1,
        "timeline_count": 9
    }
}