{
    "sequence": [
        {
            "start_face": "4acb1aac-f300-11ea-b812-066234a457d1",
            "end_face": "4acb46cc-f300-11ea-8f48-066234a457d1",
            "operation": "NewBodyFeatureOperation",
            "graph": "49134_e9867f8b_0001_0000.json"
        }
    ],
    "properties": {
        "bounding_box": {
            "type": "BoundingBox3D",
            "max_point": {
                "type": "Point3D",
                "x": 4.0,
                "y": 103.0,
                "z": 4.0
            },
            "min_point": {
                "type": "Point3D",
                "x": 0.0,
                "y": 0.0,
                "z": 0.0
            }
        },
        "extrude_count": 1,
        "body_count": 1,
        "timeline_count": 2
    }
}