{
    "sequence": [
        {
            "start_face": "717a3a8c-f300-11ea-957e-066234a457d1",
            "end_face": "717a660a-f300-11ea-8a43-066234a457d1",
            "operation": "NewBodyFeatureOperation",
            "graph": "49503_e42c01c0_0006_0000.json"
        }
    ],
    "properties": {
        "bounding_box": {
            "type": "BoundingBox3D",
            "max_point": {
                "type": "Point3D",
                "x": 66.5,
                "y": 6.5,
                "z": 3.0
            },
            "min_point": {
                "type": "Point3D",
                "x": 63.5,
                "y": 3.5,
                "z": 0.0
            }
        },
        "extrude_count": 1,
        "body_count": 1,
        "timeline_count": 2
    }
}