{
    "sequence": [
        {
            "start_face": "73df36e6-f300-11ea-9eae-066234a457d1",
            "end_face": "73df6302-f300-11ea-b9b6-066234a457d1",
            "operation": "NewBodyFeatureOperation",
            "graph": "49562_6df35938_0003_0000.json"
        }
    ],
    "properties": {
        "bounding_box": {
            "type": "BoundingBox3D",
            "max_point": {
                "type": "Point3D",
                "x": 0.24999999999999997,
                "y": 1.5,
                "z": 0.24999999999999997
            },
            "min_point": {
                "type": "Point3D",
                "x": -0.24999999999999997,
                "y": 0.0,
                "z": -0.24999999999999997
            }
        },
        "extrude_count": 1,
        "body_count": 1,
        "timeline_count": 2
    }
}