{
    "sequence": [
        {
            "start_face": "56af0538-f301-11ea-8ef9-066234a457d1",
            "end_face": "56af4952-f301-11ea-9738-066234a457d1",
            "operation": "NewBodyFeatureOperation",
            "graph": "51567_5f9bb333_0007_0000.json"
        }
    ],
    "properties": {
        "bounding_box": {
            "type": "BoundingBox3D",
            "max_point": {
                "type": "Point3D",
                "x": 8.81510648225888,
                "y": 5.5,
                "z": 5.33359579528997
            },
            "min_point": {
                "type": "Point3D",
                "x": 0.6479149289318382,
                "y": 0.0,
                "z": 0.7143192141081389
            }
        },
        "extrude_count": 1,
        "body_count": 1,
        "timeline_count": 2
    }
}