{
    "sequence": [
        {
            "start_face": "742233f6-f301-11ea-b72c-066234a457d1",
            "end_face": "74228b3e-f301-11ea-ba98-066234a457d1",
            "operation": "NewBodyFeatureOperation",
            "graph": "51606_b72fa3d6_0007_0000.json"
        },
        {
            "start_face": "74228b3e-f301-11ea-ba98-066234a457d1",
            "end_face": "7422a412-f301-11ea-a170-066234a457d1",
            "operation": "JoinFeatureOperation",
            "graph": "51606_b72fa3d6_0007_0001.json"
        }
    ],
    "properties": {
        "bounding_box": {
            "type": "BoundingBox3D",
            "max_point": {
                "type": "Point3D",
                "x": 0.5080000162124634,
                "y": 0.5080000162124634,
                "z": 0.635
            },
            "min_point": {
                "type": "Point3D",
                "x": -0.5080000162124634,
                "y": -0.5080000162124634,
                "z": 0.0
            }
        },
        "extrude_count": 2,
        "body_count": 1,
        "timeline_count": 4
    }
}