{
    "sequence": [
        {
            "start_face": "800bf390-f301-11ea-9e28-066234a457d1",
            "end_face": "800bc87e-f301-11ea-95fc-066234a457d1",
            "operation": "NewBodyFeatureOperation",
            "graph": "51674_a70c1c6c_0002_0000.json"
        },
        {
            "start_face": "800c3888-f301-11ea-8ad1-066234a457d1",
            "end_face": "800bc87e-f301-11ea-95fc-066234a457d1",
            "operation": "CutFeatureOperation",
            "graph": "51674_a70c1c6c_0002_0001.json"
        }
    ],
    "properties": {
        "bounding_box": {
            "type": "BoundingBox3D",
            "max_point": {
                "type": "Point3D",
                "x": 0.0,
                "y": 0.35,
                "z": 0.35
            },
            "min_point": {
                "type": "Point3D",
                "x": -0.5,
                "y": -0.35,
                "z": -0.35
            }
        },
        "extrude_count": 2,
        "body_count": 1,
        "timeline_count": 4
    }
}