{
    "sequence": [
        {
            "start_face": "ec5def4c-f301-11ea-91d9-066234a457d1",
            "end_face": "ec5e07ee-f301-11ea-8f78-066234a457d1",
            "operation": "NewBodyFeatureOperation",
            "graph": "51794_e733d914_0003_0000.json"
        }
    ],
    "properties": {
        "bounding_box": {
            "type": "BoundingBox3D",
            "max_point": {
                "type": "Point3D",
                "x": 22.542499999999986,
                "y": 0.635,
                "z": 2.381250000000004
            },
            "min_point": {
                "type": "Point3D",
                "x": -22.542500000000015,
                "y": 0.0,
                "z": -2.3812500000000005
            }
        },
        "extrude_count": 1,
        "body_count": 1,
        "timeline_count": 2
    }
}