{
    "sequence": [
        {
            "start_face": "22cff5ec-f302-11ea-9727-066234a457d1",
            "end_face": "22d00ee2-f302-11ea-a8e7-066234a457d1",
            "operation": "NewBodyFeatureOperation",
            "graph": "51877_0032e502_0001_0000.json"
        }
    ],
    "properties": {
        "bounding_box": {
            "type": "BoundingBox3D",
            "max_point": {
                "type": "Point3D",
                "x": 3.0000000447034836,
                "y": 0.4,
                "z": 4.000000059604645
            },
            "min_point": {
                "type": "Point3D",
                "x": 0.0,
                "y": 0.0,
                "z": 0.0
            }
        },
        "extrude_count": 1,
        "body_count": 1,
        "timeline_count": 2
    }
}