{
    "sequence": [
        {
            "start_face": "2e2da5dc-f302-11ea-a425-066234a457d1",
            "end_face": "2e2dd1b6-f302-11ea-9ed8-066234a457d1",
            "operation": "NewBodyFeatureOperation",
            "graph": "51883_d97df863_0001_0000.json"
        }
    ],
    "properties": {
        "bounding_box": {
            "type": "BoundingBox3D",
            "max_point": {
                "type": "Point3D",
                "x": 2.8000000000000007,
                "y": 0.4,
                "z": 2.8000000000000007
            },
            "min_point": {
                "type": "Point3D",
                "x": -2.8000000000000007,
                "y": 0.0,
                "z": -2.8000000000000007
            }
        },
        "extrude_count": 1,
        "body_count": 1,
        "timeline_count": 2
    }
}