{
    "sequence": [
        {
            "start_face": "3d1b9954-f302-11ea-9f00-066234a457d1",
            "end_face": "3d1bc4c8-f302-11ea-8bdb-066234a457d1",
            "operation": "NewBodyFeatureOperation",
            "graph": "51892_6da749d8_0014_0000.json"
        }
    ],
    "properties": {
        "bounding_box": {
            "type": "BoundingBox3D",
            "max_point": {
                "type": "Point3D",
                "x": 0.7000000000000001,
                "y": 0.7506340080385523,
                "z": 0.7506340080385523
            },
            "min_point": {
                "type": "Point3D",
                "x": 0.0,
                "y": -0.7506340080385523,
                "z": -0.7506340080385523
            }
        },
        "extrude_count": 1,
        "body_count": 1,
        "timeline_count": 2
    }
}