{
    "sequence": [
        {
            "start_face": "4d8c872c-f302-11ea-b8a5-066234a457d1",
            "end_face": "4d8c9fca-f302-11ea-a855-066234a457d1",
            "operation": "NewBodyFeatureOperation",
            "graph": "51914_fb924efa_0004_0000.json"
        }
    ],
    "properties": {
        "bounding_box": {
            "type": "BoundingBox3D",
            "max_point": {
                "type": "Point3D",
                "x": 0.5000000000000006,
                "y": 30.03856217223386,
                "z": -1.4999999999999662
            },
            "min_point": {
                "type": "Point3D",
                "x": -0.5000000000000006,
                "y": 29.03856217223386,
                "z": -6.499999999999966
            }
        },
        "extrude_count": 1,
        "body_count": 1,
        "timeline_count": 2
    }
}