{
    "sequence": [
        {
            "start_face": "7310922c-f302-11ea-8f7f-066234a457d1",
            "end_face": "7310922d-f302-11ea-84cc-066234a457d1",
            "operation": "NewBodyFeatureOperation",
            "graph": "51942_f6e66631_0007_0000.json"
        }
    ],
    "properties": {
        "bounding_box": {
            "type": "BoundingBox3D",
            "max_point": {
                "type": "Point3D",
                "x": 0.05,
                "y": 0.9,
                "z": 0.9
            },
            "min_point": {
                "type": "Point3D",
                "x": 0.0,
                "y": -0.9,
                "z": -0.9
            }
        },
        "extrude_count": 1,
        "body_count": 1,
        "timeline_count": 2
    }
}