{
    "sequence": [
        {
            "start_face": "a876a35a-f302-11ea-878c-066234a457d1",
            "end_face": "a876cf7a-f302-11ea-b5c2-066234a457d1",
            "operation": "NewBodyFeatureOperation",
            "graph": "52230_60438ea5_0007_0000.json"
        }
    ],
    "properties": {
        "bounding_box": {
            "type": "BoundingBox3D",
            "max_point": {
                "type": "Point3D",
                "x": 1.75,
                "y": 1.75,
                "z": 0.0
            },
            "min_point": {
                "type": "Point3D",
                "x": 0.25,
                "y": 0.25,
                "z": -3.0
            }
        },
        "extrude_count": 1,
        "body_count": 1,
        "timeline_count": 2
    }
}