{
    "sequence": [
        {
            "start_face": "ed4ba7c8-f305-11ea-8281-066234a457d1",
            "end_face": "ed4bd3d8-f305-11ea-8da0-066234a457d1",
            "operation": "NewBodyFeatureOperation",
            "graph": "54273_21c2b38f_0015_0000.json"
        }
    ],
    "properties": {
        "bounding_box": {
            "type": "BoundingBox3D",
            "max_point": {
                "type": "Point3D",
                "x": 0.8600000000000002,
                "y": 1.2500000000000002,
                "z": 0.8600000000000001
            },
            "min_point": {
                "type": "Point3D",
                "x": -0.86,
                "y": 1.1500000000000001,
                "z": -0.8600000000000001
            }
        },
        "extrude_count": 1,
        "body_count": 1,
        "timeline_count": 2
    }
}