{
    "sequence": [
        {
            "start_face": "fa630742-f306-11ea-8b97-066234a457d1",
            "end_face": "fa630743-f306-11ea-97d3-066234a457d1",
            "operation": "NewBodyFeatureOperation",
            "graph": "55605_2f8bc12e_0006_0000.json"
        }
    ],
    "properties": {
        "bounding_box": {
            "type": "BoundingBox3D",
            "max_point": {
                "type": "Point3D",
                "x": 1.2500000186264515,
                "y": 0.30000000000000004,
                "z": 1.2500000186264515
            },
            "min_point": {
                "type": "Point3D",
                "x": -1.2500000186264515,
                "y": 0.0,
                "z": -1.2500000186264515
            }
        },
        "extrude_count": 1,
        "body_count": 1,
        "timeline_count": 2
    }
}