{
    "sequence": [
        {
            "start_face": "f6ee9002-f307-11ea-b851-066234a457d1",
            "end_face": "f6ee9003-f307-11ea-873a-066234a457d1",
            "operation": "NewBodyFeatureOperation",
            "graph": "56345_80dc7bcc_0007_0000.json"
        }
    ],
    "properties": {
        "bounding_box": {
            "type": "BoundingBox3D",
            "max_point": {
                "type": "Point3D",
                "x": 1.25,
                "y": 1.0,
                "z": 1.25
            },
            "min_point": {
                "type": "Point3D",
                "x": -1.25,
                "y": 0.0,
                "z": -1.25
            }
        },
        "extrude_count": 1,
        "body_count": 1,
        "timeline_count": 2
    }
}