{
    "sequence": [
        {
            "start_face": "6de66e38-f308-11ea-bf25-066234a457d1",
            "end_face": "6de686ae-f308-11ea-a09e-066234a457d1",
            "operation": "NewBodyFeatureOperation",
            "graph": "56666_b0aba65d_0000_0000.json"
        }
    ],
    "properties": {
        "bounding_box": {
            "type": "BoundingBox3D",
            "max_point": {
                "type": "Point3D",
                "x": 0.238252,
                "y": 6.3500000000000005,
                "z": 0.238252
            },
            "min_point": {
                "type": "Point3D",
                "x": -0.238252,
                "y": 0.0,
                "z": -0.238252
            }
        },
        "extrude_count": 1,
        "body_count": 1,
        "timeline_count": 2
    }
}