{
    "sequence": [
        {
            "start_face": "1bd6abcc-f30a-11ea-972c-066234a457d1",
            "end_face": "1bd6f0fa-f30a-11ea-9939-066234a457d1",
            "operation": "NewBodyFeatureOperation",
            "graph": "60869_078e7c2a_0000_0000.json"
        }
    ],
    "properties": {
        "bounding_box": {
            "type": "BoundingBox3D",
            "max_point": {
                "type": "Point3D",
                "x": 6.5,
                "y": 0.0,
                "z": 8.0
            },
            "min_point": {
                "type": "Point3D",
                "x": -6.5,
                "y": -9.5,
                "z": 0.0
            }
        },
        "extrude_count": 1,
        "body_count": 1,
        "timeline_count": 2
    }
}