{
    "sequence": [
        {
            "start_face": "685890a4-f30a-11ea-a8d7-066234a457d1",
            "end_face": "685902cc-f30a-11ea-a605-066234a457d1",
            "operation": "NewBodyFeatureOperation",
            "graph": "62955_58bbef9f_0000_0000.json"
        }
    ],
    "properties": {
        "bounding_box": {
            "type": "BoundingBox3D",
            "max_point": {
                "type": "Point3D",
                "x": 5.900000000000001,
                "y": 4.808968423295729,
                "z": 4.5
            },
            "min_point": {
                "type": "Point3D",
                "x": -1.7839288549115526,
                "y": -5.376107460268164,
                "z": 0.0
            }
        },
        "extrude_count": 1,
        "body_count": 1,
        "timeline_count": 2
    }
}