{
    "sequence": [
        {
            "start_face": "93284224-f30a-11ea-82e1-066234a457d1",
            "end_face": "93286e2e-f30a-11ea-8531-066234a457d1",
            "operation": "NewBodyFeatureOperation",
            "graph": "65391_b6004d3f_0000_0000.json"
        }
    ],
    "properties": {
        "bounding_box": {
            "type": "BoundingBox3D",
            "max_point": {
                "type": "Point3D",
                "x": 1.1000000163912773,
                "y": 0.9466830937078755,
                "z": 25.0
            },
            "min_point": {
                "type": "Point3D",
                "x": -1.1993854947814828,
                "y": -0.10000000149011601,
                "z": 8.0
            }
        },
        "extrude_count": 1,
        "body_count": 1,
        "timeline_count": 2
    }
}