{
    "sequence": [
        {
            "start_face": "553a37e8-f30c-11ea-a0e6-066234a457d1",
            "end_face": "553a63ca-f30c-11ea-ac88-066234a457d1",
            "operation": "NewBodyFeatureOperation",
            "graph": "73388_10a40b49_0007_0000.json"
        }
    ],
    "properties": {
        "bounding_box": {
            "type": "BoundingBox3D",
            "max_point": {
                "type": "Point3D",
                "x": 0.5,
                "y": 0.5,
                "z": 0.0
            },
            "min_point": {
                "type": "Point3D",
                "x": -0.5,
                "y": -0.5,
                "z": -1.0
            }
        },
        "extrude_count": 1,
        "body_count": 1,
        "timeline_count": 2
    }
}