{
    "sequence": [
        {
            "start_face": "da6c0000-f30c-11ea-841f-066234a457d1",
            "end_face": "da6c4446-f30c-11ea-b2f6-066234a457d1",
            "operation": "NewBodyFeatureOperation",
            "graph": "77578_fc4eb62f_0000_0000.json"
        }
    ],
    "properties": {
        "bounding_box": {
            "type": "BoundingBox3D",
            "max_point": {
                "type": "Point3D",
                "x": 15.000000000000004,
                "y": 0.30000000000000004,
                "z": 15.0
            },
            "min_point": {
                "type": "Point3D",
                "x": -15.000000000000004,
                "y": 0.0,
                "z": -15.0
            }
        },
        "extrude_count": 1,
        "body_count": 1,
        "timeline_count": 2
    }
}