{
    "sequence": [
        {
            "start_face": "3dd9e112-f30d-11ea-84a5-066234a457d1",
            "end_face": "3dda0ce2-f30d-11ea-8764-066234a457d1",
            "operation": "NewBodyFeatureOperation",
            "graph": "79094_4872079c_0000_0000.json"
        },
        {
            "start_face": "3ddc43e4-f30d-11ea-8c9d-066234a457d1",
            "end_face": "3dda0ce2-f30d-11ea-8764-066234a457d1",
            "operation": "JoinFeatureOperation",
            "graph": "79094_4872079c_0000_0001.json"
        }
    ],
    "properties": {
        "bounding_box": {
            "type": "BoundingBox3D",
            "max_point": {
                "type": "Point3D",
                "x": 11.470622851587613,
                "y": 16.0,
                "z": 9.575290755958516
            },
            "min_point": {
                "type": "Point3D",
                "x": 1.5293771484123866,
                "y": 0.0,
                "z": 0.4247092440414857
            }
        },
        "extrude_count": 2,
        "body_count": 1,
        "timeline_count": 4
    }
}