{
    "sequence": [
        {
            "start_face": "816b2324-f30d-11ea-9de0-066234a457d1",
            "end_face": "816b4f26-f30d-11ea-9463-066234a457d1",
            "operation": "NewBodyFeatureOperation",
            "graph": "79986_27ba3aa9_0000_0000.json"
        }
    ],
    "properties": {
        "bounding_box": {
            "type": "BoundingBox3D",
            "max_point": {
                "type": "Point3D",
                "x": 6.272500000000001,
                "y": 6.272500000000001,
                "z": 4.25
            },
            "min_point": {
                "type": "Point3D",
                "x": -6.272500000000001,
                "y": -6.272500000000001,
                "z": -4.25
            }
        },
        "extrude_count": 1,
        "body_count": 1,
        "timeline_count": 2
    }
}