{
    "sequence": [
        {
            "start_face": "765c54e8-f30e-11ea-bf64-066234a457d1",
            "end_face": "765c6d8a-f30e-11ea-bcd9-066234a457d1",
            "operation": "NewBodyFeatureOperation",
            "graph": "82375_657b4b9f_0000_0000.json"
        }
    ],
    "properties": {
        "bounding_box": {
            "type": "BoundingBox3D",
            "max_point": {
                "type": "Point3D",
                "x": 7.069062006894851,
                "y": 2.032,
                "z": 2.751061869088912
            },
            "min_point": {
                "type": "Point3D",
                "x": 4.106938349779344,
                "y": 0.0,
                "z": -0.21106178802659503
            }
        },
        "extrude_count": 1,
        "body_count": 1,
        "timeline_count": 2
    }
}