{
    "sequence": [
        {
            "start_face": "dc086e30-f30e-11ea-b02e-066234a457d1",
            "end_face": "dc08b60a-f30e-11ea-9a94-066234a457d1",
            "operation": "NewBodyFeatureOperation",
            "graph": "85617_4879c1a8_0002_0000.json"
        }
    ],
    "properties": {
        "bounding_box": {
            "type": "BoundingBox3D",
            "max_point": {
                "type": "Point3D",
                "x": 0.3500000000000001,
                "y": -2.327419851079361,
                "z": -0.5229320314735375
            },
            "min_point": {
                "type": "Point3D",
                "x": 0.1499999999999999,
                "y": -2.5274198510793613,
                "z": -1.0229320314735375
            }
        },
        "extrude_count": 1,
        "body_count": 1,
        "timeline_count": 2
    }
}