{
    "sequence": [
        {
            "start_face": "98a93e46-f30f-11ea-8147-066234a457d1",
            "end_face": "98a969f8-f30f-11ea-98ca-066234a457d1",
            "operation": "NewBodyFeatureOperation",
            "graph": "87564_c58c72e9_0002_0000.json"
        }
    ],
    "properties": {
        "bounding_box": {
            "type": "BoundingBox3D",
            "max_point": {
                "type": "Point3D",
                "x": 3.0,
                "y": 13.798808324549093,
                "z": 19.0
            },
            "min_point": {
                "type": "Point3D",
                "x": -3.0,
                "y": -2.5882791705730215,
                "z": -101.0
            }
        },
        "extrude_count": 1,
        "body_count": 1,
        "timeline_count": 2
    }
}