{
    "sequence": [
        {
            "start_face": "2f1a2a26-f310-11ea-9aa7-066234a457d1",
            "end_face": "2f1a713a-f310-11ea-9abd-066234a457d1",
            "operation": "NewBodyFeatureOperation",
            "graph": "90838_c2246452_0006_0000.json"
        }
    ],
    "properties": {
        "bounding_box": {
            "type": "BoundingBox3D",
            "max_point": {
                "type": "Point3D",
                "x": 393.0,
                "y": 161.0,
                "z": 102.5
            },
            "min_point": {
                "type": "Point3D",
                "x": 390.0,
                "y": 156.0,
                "z": 0.0
            }
        },
        "extrude_count": 1,
        "body_count": 1,
        "timeline_count": 2
    }
}