{
    "sequence": [
        {
            "start_face": "c429eab6-f310-11ea-8be1-066234a457d1",
            "end_face": "c42a5eec-f310-11ea-ba07-066234a457d1",
            "operation": "NewBodyFeatureOperation",
            "graph": "93197_ce30c6aa_0000_0000.json"
        }
    ],
    "properties": {
        "bounding_box": {
            "type": "BoundingBox3D",
            "max_point": {
                "type": "Point3D",
                "x": 1.9000000283122063,
                "y": 42.7,
                "z": 0.800000011920929
            },
            "min_point": {
                "type": "Point3D",
                "x": -0.5000000074505806,
                "y": 0.0,
                "z": -0.20000000298023224
            }
        },
        "extrude_count": 1,
        "body_count": 1,
        "timeline_count": 2
    }
}